Sequence,Source Protein,Binds HLA-E*01:01?,Binds HLA-E*01:03?,Inhibits NK Cells?,Reference
VMAPRTLLL,HLA‐A*01/03/11/29/30/31/32/33/36/74; HLA‐Cw02/15; CMV UL40 (L),,,,
VMAPRTLVL,HLA-A*02/23/24/25/26/43/66/69; HLA-A*34:02; CMV UL40 (V),,,,
VMAPRTLIL,HLA‐Cw*01/03/04/05/06/08/12/14/16; HLA-Cw*17:02; CMV UL40(I),,,,
IMAPRTLVL,HLA-A*34:01,,,,
VMPPRTLLL,HLA-A*80,,,,
VMAPRTVLL,HLA-B*07/08/14/38/39/42/67/73/81,,,,
VTAPRTLLL,HLA-B*13/18/27/35/37/40/44/47/54/56/58/59/82/83,,,,
VTAPRTVLL,HLA-B*15/35/40/41/44/45/49/50/51/52/57/78,,,,
VMAPRTLIL,HLA-Cw*01/03/04/05/06/12/14/16; Cw*08:01/02/03; Cw*17:02,,,,
VMAPRTLLL,HLA-Cw*2/15,,,,
VMAPRTLTL,HLA-Cw*08:09,,,,
VMAPRALLL,HLA-Cw*07/18,,,,
VMAPQALLL,HLA-Cw*1701; HLA-Cw*17:03,,,,
VMAPRTLFL,HLA-G*01,,,,
